,F1,accuracy,recall,precision,duree_entrainement(min)
DummyClassifier,0.06421297602650747,0.19595375722543354,0.19595375722543354,0.03839787497076415,0.0
LogisticRegression,0.8563987292313635,0.8576107899807321,0.8576107899807321,0.8558596623233968,0.01
KNeighborsClassifier,0.7688976729684273,0.7720616570327553,0.7720616570327553,0.7685258655579663,0.0
SGDClassifier,0.7022594996016029,0.7204238921001926,0.7204238921001926,0.7091304922341182,0.01
RandomForestClassifier,0.8900486865537703,0.8901734104046243,0.8901734104046243,0.8903392027766271,0.04
